{
    "K": [
        [
            693.4298044747211,
            0.0,
            326.6725053208974
        ],
        [
            0.0,
            693.7938248935563,
            215.08771859002263
        ],
        [
            0.0,
            0.0,
            1.0
        ]
    ],
    "D": [
        [
            0.11111073946210749,
            -0.17484836454316352,
            -0.003180562061795014,
            -0.0040818715998815445,
            -0.2753875272787419
        ]
    ],
    "rms_error": 0.3888403347617143,
    "image_width": 640,
    "image_height": 480
}